{
  "device": "cpu",
  "config": {
    "seed": 17,
    "grid_size": 32,
    "coarse_grid_size": 16,
    "simulation_steps": 72,
    "train_scenarios": 28,
    "validation_scenarios": 6,
    "test_scenarios": 6,
    "ood_scenarios": 6,
    "samples_per_scenario": 8,
    "cfl": 0.34,
    "max_velocity": 1.7,
    "sponge_width": 5,
    "sponge_strength": 0.075,
    "fno_width": 20,
    "fno_modes": 8,
    "fno_layers": 4,
    "batch_size": 14,
    "epochs": 24,
    "learning_rate": 0.003,
    "weight_decay": 0.0001,
    "physics_weight": 0.2,
    "gradient_weight": 0.05,
    "early_stopping_patience": 7,
    "device": "auto"
  },
  "test_samples": 48,
  "ood_samples": 48,
  "fine_solver_ms_per_trajectory": 4.576070001348853,
  "coarse_solver_ms_per_trajectory": 3.7592850043438375,
  "results": {
    "fno": {
      "parameters": 207783,
      "checkpoint_mb": 1.5843324661254883,
      "best_epoch": 24,
      "inference_ms_per_sample": 3.4348555358259807,
      "test": {
        "rmse": 0.013111172273056582,
        "relative_l2": 0.3758869217708707,
        "correlation": 0.903192587321799,
        "spectral_error": 0.2867553344306846,
        "energy_relative_error": 0.3461280802310834,
        "physics_residual_mse": 2.563369207564392e-05,
        "samples": 48.0
      },
      "ood": {
        "rmse": 0.01603772504798447,
        "relative_l2": 0.47703659782807034,
        "correlation": 0.8679565988400517,
        "spectral_error": 0.3213000229249398,
        "energy_relative_error": 0.3617856002251532,
        "physics_residual_mse": 3.595968155423179e-05,
        "samples": 48.0
      },
      "test_sequence": {
        "mean_relative_l2": 0.3716626297682524,
        "late_time_relative_l2": 0.5535115500291189,
        "scenarios": 6.0
      },
      "ood_sequence": {
        "mean_relative_l2": 0.4682922859986623,
        "late_time_relative_l2": 0.698452870051066,
        "scenarios": 6.0
      },
      "by_time": {
        "test": [
          {
            "time_index": 2.0,
            "rmse": 0.011576397499690453,
            "relative_l2": 0.22964415699243546,
            "correlation": 0.9709918714362228,
            "spectral_error": 0.1705313759545485,
            "energy_relative_error": 0.8684830198073673
          },
          {
            "time_index": 12.0,
            "rmse": 0.007652014571552475,
            "relative_l2": 0.32303984959920246,
            "correlation": 0.922223996470513,
            "spectral_error": 0.2775427773594856,
            "energy_relative_error": 0.2728679339863322
          },
          {
            "time_index": 21.0,
            "rmse": 0.010999720698843399,
            "relative_l2": 0.33932465811570484,
            "correlation": 0.9403928101891393,
            "spectral_error": 0.2719336524605751,
            "energy_relative_error": 0.12425808049479421
          },
          {
            "time_index": 31.0,
            "rmse": 0.011569335280607143,
            "relative_l2": 0.31119391570488614,
            "correlation": 0.9298600412639978,
            "spectral_error": 0.25288305183251697,
            "energy_relative_error": 0.32548776260183604
          },
          {
            "time_index": 40.0,
            "rmse": 0.012833823760350546,
            "relative_l2": 0.3500572343667348,
            "correlation": 0.9160400433932329,
            "spectral_error": 0.27707963685194653,
            "energy_relative_error": 0.4989750049048973
          },
          {
            "time_index": 50.0,
            "rmse": 0.014553351638217768,
            "relative_l2": 0.4160824989279111,
            "correlation": 0.8811844378441442,
            "spectral_error": 0.31074995050827664,
            "energy_relative_error": 0.3198765930441448
          },
          {
            "time_index": 59.0,
            "rmse": 0.016967369243502617,
            "relative_l2": 0.4886692017316818,
            "correlation": 0.8491069115567527,
            "spectral_error": 0.35667847841978073,
            "energy_relative_error": 0.15705741182127245
          },
          {
            "time_index": 69.0,
            "rmse": 0.01873736549168825,
            "relative_l2": 0.5490838587284088,
            "correlation": 0.8157405864203883,
            "spectral_error": 0.37664375205834705,
            "energy_relative_error": 0.202018835188023
          }
        ],
        "ood": [
          {
            "time_index": 2.0,
            "rmse": 0.013719793098668257,
            "relative_l2": 0.26448548833529156,
            "correlation": 0.9668040271019409,
            "spectral_error": 0.1806092063585917,
            "energy_relative_error": 0.8539040278903443
          },
          {
            "time_index": 12.0,
            "rmse": 0.01129582275946935,
            "relative_l2": 0.4580095758040746,
            "correlation": 0.8950733437142911,
            "spectral_error": 0.35389189670483273,
            "energy_relative_error": 0.20100107659697655
          },
          {
            "time_index": 21.0,
            "rmse": 0.01277780206874013,
            "relative_l2": 0.37455884118874866,
            "correlation": 0.926992706151033,
            "spectral_error": 0.28425216426452,
            "energy_relative_error": 0.26521384005969756
          },
          {
            "time_index": 31.0,
            "rmse": 0.015136937455584606,
            "relative_l2": 0.40409741799036664,
            "correlation": 0.9127872468142053,
            "spectral_error": 0.27815566460291546,
            "energy_relative_error": 0.42368065738193245
          },
          {
            "time_index": 40.0,
            "rmse": 0.016134584477792185,
            "relative_l2": 0.4585939248402913,
            "correlation": 0.8809989536025093,
            "spectral_error": 0.3157515227794647,
            "energy_relative_error": 0.32075984476486213
          },
          {
            "time_index": 50.0,
            "rmse": 0.017682920365283888,
            "relative_l2": 0.5463166286547979,
            "correlation": 0.833096402394203,
            "spectral_error": 0.3658169557650884,
            "energy_relative_error": 0.18382950303253942
          },
          {
            "time_index": 59.0,
            "rmse": 0.019976275507360697,
            "relative_l2": 0.6238035013278326,
            "correlation": 0.7846650607569173,
            "spectral_error": 0.38512449463208515,
            "energy_relative_error": 0.18551519502985284
          },
          {
            "time_index": 69.0,
            "rmse": 0.021577664650976658,
            "relative_l2": 0.6864274044831594,
            "correlation": 0.7432350501853134,
            "spectral_error": 0.40679827829202014,
            "energy_relative_error": 0.46038065704502035
          }
        ]
      }
    },
    "cnn": {
      "parameters": 46947,
      "checkpoint_mb": 0.1911325454711914,
      "best_epoch": 23,
      "inference_ms_per_sample": 1.2811369645143194,
      "test": {
        "rmse": 0.012254060934841013,
        "relative_l2": 0.35419771323601407,
        "correlation": 0.9118592205101538,
        "spectral_error": 0.2852647400771578,
        "energy_relative_error": 1.0419219522543826,
        "physics_residual_mse": 4.586988006849424e-05,
        "samples": 48.0
      },
      "ood": {
        "rmse": 0.01436166362448906,
        "relative_l2": 0.4292425311480959,
        "correlation": 0.887436954205957,
        "spectral_error": 0.30900093478461105,
        "energy_relative_error": 1.1375200831733412,
        "physics_residual_mse": 5.904744921281235e-05,
        "samples": 48.0
      },
      "test_sequence": {
        "mean_relative_l2": 0.34317842146588695,
        "late_time_relative_l2": 0.535386860370636,
        "scenarios": 6.0
      },
      "ood_sequence": {
        "mean_relative_l2": 0.41746215853426194,
        "late_time_relative_l2": 0.6543644269307455,
        "scenarios": 6.0
      },