{
  "device": "cpu",
  "config": {
    "seed": 17,
    "grid_size": 32,
    "coarse_grid_size": 16,
    "simulation_steps": 72,
    "train_scenarios": 28,
    "validation_scenarios": 6,
    "test_scenarios": 6,
    "ood_scenarios": 6,
    "samples_per_scenario": 8,
    "cfl": 0.34,
    "max_velocity": 1.7,
    "sponge_width": 5,
    "sponge_strength": 0.075,
    "fno_width": 20,
    "fno_modes": 8,
    "fno_layers": 4,
    "batch_size": 14,
    "epochs": 24,
    "learning_rate": 0.003,
    "weight_decay": 0.0001,
    "physics_weight": 0.2,
    "gradient_weight": 0.05,
    "early_stopping_patience": 7,
    "device": "auto"
  },
  "test_samples": 48,
  "ood_samples": 48,
  "fine_solver_ms_per_trajectory": 10.822305001784116,
  "coarse_solver_ms_per_trajectory": 4.163945000618696,
  "results": {
    "fno": {
      "parameters": 207783,
      "checkpoint_mb": 1.5843324661254883,
      "best_epoch": 24,
      "inference_ms_per_sample": 2.5064685714564154,
      "test": {
        "rmse": 0.013076651133208847,
        "relative_l2": 0.3750177165493369,
        "correlation": 0.9032872982824149,
        "spectral_error": 0.285941605300953,
        "energy_relative_error": 0.3279784510474432,
        "physics_residual_mse": 2.4747709176153876e-05,
        "samples": 48.0
      },
      "ood": {
        "rmse": 0.016075460802918922,
        "relative_l2": 0.4758410689731439,
        "correlation": 0.8687406207960664,
        "spectral_error": 0.3209964685762922,
        "energy_relative_error": 0.3650425198005236,
        "physics_residual_mse": 3.60982448910363e-05,
        "samples": 48.0
      },
      "test_sequence": {
        "mean_relative_l2": 0.3712515988283687,
        "late_time_relative_l2": 0.5493103166421255,
        "scenarios": 6.0
      },
      "ood_sequence": {
        "mean_relative_l2": 0.46763786611457664,
        "late_time_relative_l2": 0.6852092246214548,
        "scenarios": 6.0
      },
      "by_time": {
        "test": [
          {
            "time_index": 2.0,
            "rmse": 0.011374555683384338,
            "relative_l2": 0.22582498689492544,
            "correlation": 0.9716741904066638,
            "spectral_error": 0.1672316106657187,
            "energy_relative_error": 0.8890496744923375
          },
          {
            "time_index": 12.0,
            "rmse": 0.007570112822577357,
            "relative_l2": 0.3201696922381719,
            "correlation": 0.9223491365296637,
            "spectral_error": 0.27410102138916653,
            "energy_relative_error": 0.2752840839086946
          },
          {
            "time_index": 21.0,
            "rmse": 0.01113029895350337,
            "relative_l2": 0.3431749592224757,
            "correlation": 0.9390530206883937,
            "spectral_error": 0.2738999476035436,
            "energy_relative_error": 0.12909868031268393
          },
          {
            "time_index": 31.0,
            "rmse": 0.011555590977271398,
            "relative_l2": 0.31098925322294235,
            "correlation": 0.92964871813058,
            "spectral_error": 0.25062572211027145,
            "energy_relative_error": 0.30225409292963396
          },
          {
            "time_index": 40.0,
            "rmse": 0.01290991809219122,
            "relative_l2": 0.3515072514613469,
            "correlation": 0.9158052377542815,
            "spectral_error": 0.2775063117345174,
            "energy_relative_error": 0.40289474898465355
          },
          {
            "time_index": 50.0,
            "rmse": 0.01453879801556468,
            "relative_l2": 0.41585101187229156,
            "correlation": 0.8810113499397332,
            "spectral_error": 0.3116181343793869,
            "energy_relative_error": 0.27537725887918074
          },
          {
            "time_index": 59.0,
            "rmse": 0.016949900581190985,
            "relative_l2": 0.48782474795977276,
            "correlation": 0.8488392662847923,
            "spectral_error": 0.35610391199588776,
            "energy_relative_error": 0.14167208989647248
          },
          {
            "time_index": 69.0,
            "rmse": 0.01858403393998742,
            "relative_l2": 0.5447998295227686,
            "correlation": 0.8179174665252115,
            "spectral_error": 0.3764461825291316,
            "energy_relative_error": 0.20819697897588915
          }
        ],
        "ood": [
          {
            "time_index": 2.0,
            "rmse": 0.01359834692751368,
            "relative_l2": 0.26229508221149445,
            "correlation": 0.967141465867643,
            "spectral_error": 0.17841036866108576,
            "energy_relative_error": 0.8781260272498074
          },
          {
            "time_index": 12.0,
            "rmse": 0.011253785962859789,
            "relative_l2": 0.45655907690525055,
            "correlation": 0.8952081241046815,
            "spectral_error": 0.35162721077601117,
            "energy_relative_error": 0.20920719014374556
          },
          {
            "time_index": 21.0,
            "rmse": 0.012855777827401957,
            "relative_l2": 0.3758639097213745,
            "correlation": 0.9263486755141539,
            "spectral_error": 0.2828207885225614,
            "energy_relative_error": 0.2716538935487342
          },
          {
            "time_index": 31.0,
            "rmse": 0.015182739278922478,
            "relative_l2": 0.40406790872414905,
            "correlation": 0.9122827290313963,
            "spectral_error": 0.2745630145072937,
            "energy_relative_error": 0.39926541368276974
          },
          {
            "time_index": 40.0,
            "rmse": 0.01618948873753349,
            "relative_l2": 0.45677700638771057,
            "correlation": 0.8823272432550628,
            "spectral_error": 0.3144465337196986,
            "energy_relative_error": 0.2843884750662592
          },
          {
            "time_index": 50.0,
            "rmse": 0.01775766195108493,
            "relative_l2": 0.550370474656423,
            "correlation": 0.8316444282751932,
            "spectral_error": 0.3704787418246269,
            "energy_relative_error": 0.18070958989648234
          },
          {
            "time_index": 59.0,
            "rmse": 0.020147156591216724,
            "relative_l2": 0.62712395687898,
            "correlation": 0.7821739870033838,
            "spectral_error": 0.3897705872853597,
            "energy_relative_error": 0.21221151135421024
          },
          {
            "time_index": 69.0,
            "rmse": 0.02161872914681832,
            "relative_l2": 0.673671136299769,
            "correlation": 0.7527983133170165,
            "spectral_error": 0.4058545033137004,
            "energy_relative_error": 0.4847780574621801
          }
        ]
      }
    },
    "cnn": {
      "parameters": 46947,
      "checkpoint_mb": 0.1911325454711914,
      "best_epoch": 23,
      "inference_ms_per_sample": 1.3378544644053494,
      "test": {
        "rmse": 0.012239045812748373,
        "relative_l2": 0.3540838708480199,
        "correlation": 0.9113185425645723,
        "spectral_error": 0.28343648836016655,
        "energy_relative_error": 1.0387906807201301,
        "physics_residual_mse": 4.587246166920522e-05,
        "samples": 48.0
      },
      "ood": {
        "rmse": 0.014490079949609935,
        "relative_l2": 0.43085488490760326,
        "correlation": 0.8870583399440021,
        "spectral_error": 0.30915591058631736,
        "energy_relative_error": 1.1450012407637338,
        "physics_residual_mse": 5.948864145466359e-05,
        "samples": 48.0
      },
      "test_sequence": {
        "mean_relative_l2": 0.34322412581079537,
        "late_time_relative_l2": 0.5301375339428583,
        "scenarios": 6.0
      },
      "ood_sequence": {
        "mean_relative_l2": 0.41897816645602387,
        "late_time_relative_l2": 0.6453399707873663,
        "scenarios": 6.0
      },